分類,商品名稱,現價,原價,圖片網址,商品連結
上衣,圓領開襟上衣(短袖),590,790,https://www.uniqlo.com/tw/hmall/test/u0000000053496/main/first/561/1.jpg,https://www.uniqlo.com/tw/zh_TW/product-detail.html?productCode=u0000000053496
上衣,蕾絲圓領開襟上衣(短袖),490,790,https://www.uniqlo.com/tw/hmall/test/u0000000053651/main/first/561/1.jpg,https://www.uniqlo.com/tw/zh_TW/product-detail.html?productCode=u0000000053651
上衣,圓領針織衫(短袖),590,790,https://www.uniqlo.com/tw/hmall/test/u0000000053653/main/first/561/1.jpg,https://www.uniqlo.com/tw/zh_TW/product-detail.html?productCode=u0000000053653
上衣,V領針織衫(短袖),490,990,https://www.uniqlo.com/tw/hmall/test/u0000000053899/main/first/561/1.jpg,https://www.uniqlo.com/tw/zh_TW/product-detail.html?productCode=u0000000053899
上衣,棉質圓領針織衫(短袖),590,790,https://www.uniqlo.com/tw/hmall/test/u0000000053812/main/first/561/1.jpg,https://www.uniqlo.com/tw/zh_TW/product-detail.html?productCode=u0000000053812
上衣,棉質開領POLO針織衫(短袖),590,790,https://www.uniqlo.com/tw/hmall/test/u0000000053609/main/first/561/1.jpg,https://www.uniqlo.com/tw/zh_TW/product-detail.html?productCode=u0000000053609
上衣,POLO針織衫(短袖),390,790,https://www.uniqlo.com/tw/hmall/test/u0000000053531/main/first/561/1.jpg,https://www.uniqlo.com/tw/zh_TW/product-detail.html?productCode=u0000000053531
上衣,開領POLO針織衫(短袖),790,990,https://www.uniqlo.com/tw/hmall/test/u0000000053908/main/first/561/1.jpg,https://www.uniqlo.com/tw/zh_TW/product-detail.html?productCode=u0000000053908
上衣,棉質開領POLO針織衫(短袖)(條紋),590,790,https://www.uniqlo.com/tw/hmall/test/u0000000053602/main/first/561/1.jpg,https://www.uniqlo.com/tw/zh_TW/product-detail.html?productCode=u0000000053602
上衣,條紋POLO針織衫(短袖),390,790,https://www.uniqlo.com/tw/hmall/test/u0000000053784/main/first/561/1.jpg,https://www.uniqlo.com/tw/zh_TW/product-detail.html?productCode=u0000000053784
上衣,寬版針織T恤(短袖),490,790,https://www.uniqlo.com/tw/hmall/test/u0000000054131/main/first/561/1.jpg,https://www.uniqlo.com/tw/zh_TW/product-detail.html?productCode=u0000000054131
上衣,特級亞麻背心,990,1490,https://www.uniqlo.com/tw/hmall/test/u0000000053584/main/first/561/1.jpg,https://www.uniqlo.com/tw/zh_TW/product-detail.html?productCode=u0000000053584
上衣,無袖T恤,290,390,https://www.uniqlo.com/tw/hmall/test/u0000000053910/main/first/561/1.jpg,https://www.uniqlo.com/tw/zh_TW/product-detail.html?productCode=u0000000053910
上衣,BRATOP方領細肩帶背心,590,790,https://www.uniqlo.com/tw/hmall/test/u0000000053681/main/first/561/1.jpg,https://www.uniqlo.com/tw/zh_TW/product-detail.html?productCode=u0000000053681
上衣,V領BRATOP背心,590,790,https://www.uniqlo.com/tw/hmall/test/u0000000053963/main/first/561/1.jpg,https://www.uniqlo.com/tw/zh_TW/product-detail.html?productCode=u0000000053963
上衣,無縫短版BRATOP背心,490,790,https://www.uniqlo.com/tw/hmall/test/u0000000053820/main/first/561/1.jpg,https://www.uniqlo.com/tw/zh_TW/product-detail.html?productCode=u0000000053820
上衣,BRATOP削肩背心(滾邊),490,790,https://www.uniqlo.com/tw/hmall/test/u0000000053630/main/first/561/1.jpg,https://www.uniqlo.com/tw/zh_TW/product-detail.html?productCode=u0000000053630
上衣,BRATOP削肩短版背心(滾邊),490,790,https://www.uniqlo.com/tw/hmall/test/u0000000053632/main/first/561/1.jpg,https://www.uniqlo.com/tw/zh_TW/product-detail.html?productCode=u0000000053632
上衣,BRATOP削肩短版背心(撞色滾邊),490,790,https://www.uniqlo.com/tw/hmall/test/u0000000053973/main/first/561/1.jpg,https://www.uniqlo.com/tw/zh_TW/product-detail.html?productCode=u0000000053973
上衣,雙色T恤(短袖),490,590,https://www.uniqlo.com/tw/hmall/test/u0000000053767/main/first/561/1.jpg,https://www.uniqlo.com/tw/zh_TW/product-detail.html?productCode=u0000000053767
上衣,AIRism棉質寬版條紋圓領T恤(五分袖),390,590,https://www.uniqlo.com/tw/hmall/test/u0000000053418/main/first/561/1.jpg,https://www.uniqlo.com/tw/zh_TW/product-detail.html?productCode=u0000000053418
上衣,DRY華夫格圓領T恤(短袖),390,590,https://www.uniqlo.com/tw/hmall/test/u0000000053434/main/first/561/1.jpg,https://www.uniqlo.com/tw/zh_TW/product-detail.html?productCode=u0000000053434
上衣,SUPIMA COTTON 圓領T恤(短袖),290,390,https://www.uniqlo.com/tw/hmall/test/u0000000053873/main/first/561/1.jpg,https://www.uniqlo.com/tw/zh_TW/product-detail.html?productCode=u0000000053873
上衣,AIRism寬版V領T恤(短袖)(2way),290,590,https://www.uniqlo.com/tw/hmall/test/u0000000053336/main/first/561/1.jpg,https://www.uniqlo.com/tw/zh_TW/product-detail.html?productCode=u0000000053336
上衣,AIRism棉質網眼襯衫式POLO衫(短袖),590,790,https://www.uniqlo.com/tw/hmall/test/u0000000053281/main/first/561/1.jpg,https://www.uniqlo.com/tw/zh_TW/product-detail.html?productCode=u0000000053281
上衣,V領T恤(短袖),290,390,https://www.uniqlo.com/tw/hmall/test/u0000000053835/main/first/561/1.jpg,https://www.uniqlo.com/tw/zh_TW/product-detail.html?productCode=u0000000053835
上衣,紋理短版上衣(短袖),290,390,https://www.uniqlo.com/tw/hmall/test/u0000000053813/main/first/561/1.jpg,https://www.uniqlo.com/tw/zh_TW/product-detail.html?productCode=u0000000053813
上衣,亨利領T恤(短袖),390,590,https://www.uniqlo.com/tw/hmall/test/u0000000053760/main/first/561/1.jpg,https://www.uniqlo.com/tw/zh_TW/product-detail.html?productCode=u0000000053760
上衣,拼色T恤(短袖),390,590,https://www.uniqlo.com/tw/hmall/test/u0000000053773/main/first/561/1.jpg,https://www.uniqlo.com/tw/zh_TW/product-detail.html?productCode=u0000000053773
上衣,UTme! 寶可夢特別慶典UT印花T恤,290,590,https://www.uniqlo.com/tw/hmall/test/u0000000052527/main/first/561/1.jpg,https://www.uniqlo.com/tw/zh_TW/product-detail.html?productCode=u0000000052527
上衣,華夫格單排釦短版T恤(短袖),290,390,https://www.uniqlo.com/tw/hmall/test/u0000000053661/main/first/561/1.jpg,https://www.uniqlo.com/tw/zh_TW/product-detail.html?productCode=u0000000053661
上衣,AIRism棉質T恤(短袖) 474405,290,390,https://www.uniqlo.com/tw/hmall/test/u0000000053980/main/first/561/1.jpg,https://www.uniqlo.com/tw/zh_TW/product-detail.html?productCode=u0000000053980
上衣,DRY-EX T恤(短袖),390,590,https://www.uniqlo.com/tw/hmall/test/u0000000050866/main/first/561/1.jpg,https://www.uniqlo.com/tw/zh_TW/product-detail.html?productCode=u0000000050866
上衣,AIRism棉質寬版圓領T恤(五分袖) 484363,390,590,https://www.uniqlo.com/tw/hmall/test/u0000000053477/main/first/561/1.jpg,https://www.uniqlo.com/tw/zh_TW/product-detail.html?productCode=u0000000053477
上衣,圓領T恤(短袖),290,390,https://www.uniqlo.com/tw/hmall/test/u0000000052958/main/first/561/1.jpg,https://www.uniqlo.com/tw/zh_TW/product-detail.html?productCode=u0000000052958
上衣,DRY-EX T恤(短袖)(印花),390,590,https://www.uniqlo.com/tw/hmall/test/u0000000051255/main/first/561/1.jpg,https://www.uniqlo.com/tw/zh_TW/product-detail.html?productCode=u0000000051255
上衣,圓領T恤(短袖) 465186,290,390,https://www.uniqlo.com/tw/hmall/test/u0000000051974/main/first/561/1.jpg,https://www.uniqlo.com/tw/zh_TW/product-detail.html?productCode=u0000000051974
上衣,棉質圓領針織衫(無袖),590,790,https://www.uniqlo.com/tw/hmall/test/u0000000053817/main/first/561/1.jpg,https://www.uniqlo.com/tw/zh_TW/product-detail.html?productCode=u0000000053817
上衣,3D織法羅紋方領針織衫(無袖),490,790,https://www.uniqlo.com/tw/hmall/test/u0000000053572/main/first/561/1.jpg,https://www.uniqlo.com/tw/zh_TW/product-detail.html?productCode=u0000000053572
上衣,輕型棉質細褶上衣(無袖),590,790,https://www.uniqlo.com/tw/hmall/test/u0000000053966/main/first/561/1.jpg,https://www.uniqlo.com/tw/zh_TW/product-detail.html?productCode=u0000000053966
上衣,亞麻混紡上衣(短袖),590,790,https://www.uniqlo.com/tw/hmall/test/u0000000053692/main/first/561/1.jpg,https://www.uniqlo.com/tw/zh_TW/product-detail.html?productCode=u0000000053692
上衣,棉質緹花V領上衣(短袖),590,790,https://www.uniqlo.com/tw/hmall/test/u0000000053708/main/first/561/1.jpg,https://www.uniqlo.com/tw/zh_TW/product-detail.html?productCode=u0000000053708
上衣,木代爾棉質開領襯衫(短袖) 464938,390,990,https://www.uniqlo.com/tw/hmall/test/u0000000050533/main/first/561/1.jpg,https://www.uniqlo.com/tw/zh_TW/product-detail.html?productCode=u0000000050533
上衣,刺繡上衣(五分袖),790,990,https://www.uniqlo.com/tw/hmall/test/u0000000053815/main/first/561/1.jpg,https://www.uniqlo.com/tw/zh_TW/product-detail.html?productCode=u0000000053815
上衣,府綢寬版襯衫(短袖),390,990,https://www.uniqlo.com/tw/hmall/test/u0000000051150/main/first/561/1.jpg,https://www.uniqlo.com/tw/zh_TW/product-detail.html?productCode=u0000000051150
上衣,寬版短襯衫(五分袖),590,790,https://www.uniqlo.com/tw/hmall/test/u0000000054211/main/first/561/1.jpg,https://www.uniqlo.com/tw/zh_TW/product-detail.html?productCode=u0000000054211
上衣,棉麻襯衫(短袖),390,990,https://www.uniqlo.com/tw/hmall/test/u0000000050699/main/first/561/1.jpg,https://www.uniqlo.com/tw/zh_TW/product-detail.html?productCode=u0000000050699
上衣,透膚T恤(長袖),190,590,https://www.uniqlo.com/tw/hmall/test/u0000000053733/main/first/561/1.jpg,https://www.uniqlo.com/tw/zh_TW/product-detail.html?productCode=u0000000053733
上衣,休閒上衣(長袖) 479797 / 475377,390,990,https://www.uniqlo.com/tw/hmall/test/u0000000053926/main/first/561/1.jpg,https://www.uniqlo.com/tw/zh_TW/product-detail.html?productCode=u0000000053926
上衣,可機洗3D織法連帽上衣(長袖),790,1490,https://www.uniqlo.com/tw/hmall/test/u0000000053920/main/first/561/1.jpg,https://www.uniqlo.com/tw/zh_TW/product-detail.html?productCode=u0000000053920
上衣,羅紋中高領條紋T恤(長袖),290,590,https://www.uniqlo.com/tw/hmall/test/u0000000052411/main/first/561/1.jpg,https://www.uniqlo.com/tw/zh_TW/product-detail.html?productCode=u0000000052411
外套,柔滑棉V領短版開襟外套(長袖),390,1290,https://www.uniqlo.com/tw/hmall/test/u0000000052747/main/first/561/1.jpg,https://www.uniqlo.com/tw/zh_TW/product-detail.html?productCode=u0000000052747
上衣,柔滑棉條紋POLO針織衫(長袖),390,1290,https://www.uniqlo.com/tw/hmall/test/u0000000052845/main/first/561/1.jpg,https://www.uniqlo.com/tw/zh_TW/product-detail.html?productCode=u0000000052845
上衣,喀什米爾圓領毛衣(長袖),1990,2990,https://www.uniqlo.com/tw/hmall/test/u0000000052114/main/first/561/1.jpg,https://www.uniqlo.com/tw/zh_TW/product-detail.html?productCode=u0000000052114
上衣,可機洗米蘭羅紋圓領針織衫(長袖) 478548,390,990,https://www.uniqlo.com/tw/hmall/test/u0000000053930/main/first/561/1.jpg,https://www.uniqlo.com/tw/zh_TW/product-detail.html?productCode=u0000000053930
上衣,KAWS WINTER 喀什米爾圓領毛衣(長袖),1990,3490,https://www.uniqlo.com/tw/hmall/test/u0000000052811/main/first/561/1.jpg,https://www.uniqlo.com/tw/zh_TW/product-detail.html?productCode=u0000000052811
外套,米蘭羅紋拉鍊開襟外套(長袖),1290,1490,https://www.uniqlo.com/tw/hmall/test/u0000000053581/main/first/561/1.jpg,https://www.uniqlo.com/tw/zh_TW/product-detail.html?productCode=u0000000053581
上衣,可機洗羅紋POLO針織衫(長袖) 480414,390,790,https://www.uniqlo.com/tw/hmall/test/u0000000052954/main/first/561/1.jpg,https://www.uniqlo.com/tw/zh_TW/product-detail.html?productCode=u0000000052954
上衣,可機洗羅紋POLO針織衫(長袖)(條紋),390,790,https://www.uniqlo.com/tw/hmall/test/u0000000053044/main/first/561/1.jpg,https://www.uniqlo.com/tw/zh_TW/product-detail.html?productCode=u0000000053044
外套,AIRism防曬抗UV網眼連帽外套(長袖) 465748,590,990,https://www.uniqlo.com/tw/hmall/test/u0000000050783/main/first/561/1.jpg,https://www.uniqlo.com/tw/zh_TW/product-detail.html?productCode=u0000000050783
外套,防曬透膚長版連帽外套,790,1990,https://www.uniqlo.com/tw/hmall/test/u0000000053892/main/first/561/1.jpg,https://www.uniqlo.com/tw/zh_TW/product-detail.html?productCode=u0000000053892
外套,棉質混紡短版布勞森外套,790,1490,https://www.uniqlo.com/tw/hmall/test/u0000000053452/main/first/561/1.jpg,https://www.uniqlo.com/tw/zh_TW/product-detail.html?productCode=u0000000053452
外套,防風立領布勞森外套,1490,1690,https://www.uniqlo.com/tw/hmall/test/u0000000053001/main/first/561/1.jpg,https://www.uniqlo.com/tw/zh_TW/product-detail.html?productCode=u0000000053001
外套,可攜式防曬連帽外套 474175,990,1290,https://www.uniqlo.com/tw/hmall/test/u0000000051630/main/first/561/1.jpg,https://www.uniqlo.com/tw/zh_TW/product-detail.html?productCode=u0000000051630
外套,AIRism防曬網眼印花連帽外套(長袖),590,990,https://www.uniqlo.com/tw/hmall/test/u0000000051257/main/first/561/1.jpg,https://www.uniqlo.com/tw/zh_TW/product-detail.html?productCode=u0000000051257
外套,工裝外套,790,1690,https://www.uniqlo.com/tw/hmall/test/u0000000052973/main/first/561/1.jpg,https://www.uniqlo.com/tw/zh_TW/product-detail.html?productCode=u0000000052973
外套,防風連帽外套,790,1690,https://www.uniqlo.com/tw/hmall/test/u0000000053535/main/first/561/1.jpg,https://www.uniqlo.com/tw/zh_TW/product-detail.html?productCode=u0000000053535
外套,工裝短版外套,1290,1990,https://www.uniqlo.com/tw/hmall/test/u0000000052679/main/first/561/1.jpg,https://www.uniqlo.com/tw/zh_TW/product-detail.html?productCode=u0000000052679
外套,西裝外套,1290,2990,https://www.uniqlo.com/tw/hmall/test/u0000000053571/main/first/561/1.jpg,https://www.uniqlo.com/tw/zh_TW/product-detail.html?productCode=u0000000053571
外套,翻領短版外套,590,1490,https://www.uniqlo.com/tw/hmall/test/u0000000053459/main/first/561/1.jpg,https://www.uniqlo.com/tw/zh_TW/product-detail.html?productCode=u0000000053459
外套,工裝短大衣,1490,2990,https://www.uniqlo.com/tw/hmall/test/u0000000053576/main/first/561/1.jpg,https://www.uniqlo.com/tw/zh_TW/product-detail.html?productCode=u0000000053576
外套,工裝外套(牛仔),790,1690,https://www.uniqlo.com/tw/hmall/test/u0000000053694/main/first/561/1.jpg,https://www.uniqlo.com/tw/zh_TW/product-detail.html?productCode=u0000000053694
外套,無縫羽絨連帽外套(NANODESIGN),2990,3490,https://www.uniqlo.com/tw/hmall/test/u0000000052104/main/first/561/1.jpg,https://www.uniqlo.com/tw/zh_TW/product-detail.html?productCode=u0000000052104
外套,PUFFTECH 輕暖科技連帽外套,1290,1990,https://www.uniqlo.com/tw/hmall/test/u0000000053749/main/first/561/1.jpg,https://www.uniqlo.com/tw/zh_TW/product-detail.html?productCode=u0000000053749
外套,無領長大衣,1490,2490,https://www.uniqlo.com/tw/hmall/test/u0000000053615/main/first/561/1.jpg,https://www.uniqlo.com/tw/zh_TW/product-detail.html?productCode=u0000000053615
外套,雙排釦西裝外套,1290,1990,https://www.uniqlo.com/tw/hmall/test/u0000000053489/main/first/561/1.jpg,https://www.uniqlo.com/tw/zh_TW/product-detail.html?productCode=u0000000053489
外套,無縫羽絨短大衣,2990,4990,https://www.uniqlo.com/tw/hmall/test/u0000000052312/main/first/561/1.jpg,https://www.uniqlo.com/tw/zh_TW/product-detail.html?productCode=u0000000052312
外套,Peanuts 教練外套,790,1690,https://www.uniqlo.com/tw/hmall/test/u0000000053666/main/first/561/1.jpg,https://www.uniqlo.com/tw/zh_TW/product-detail.html?productCode=u0000000053666
上衣,PUFFTECH 輕暖科技背心,790,1490,https://www.uniqlo.com/tw/hmall/test/u0000000052365/main/first/561/1.jpg,https://www.uniqlo.com/tw/zh_TW/product-detail.html?productCode=u0000000052365
外套,長刷毛外套(長袖),390,890,https://www.uniqlo.com/tw/hmall/test/u0000000052319/main/first/561/1.jpg,https://www.uniqlo.com/tw/zh_TW/product-detail.html?productCode=u0000000052319
上衣,牛津格紋寬版襯衫(長袖),390,790,https://www.uniqlo.com/tw/hmall/test/u0000000053150/main/first/561/1.jpg,https://www.uniqlo.com/tw/zh_TW/product-detail.html?productCode=u0000000053150
上衣,立領襯衫(長袖),390,990,https://www.uniqlo.com/tw/hmall/test/u0000000053893/main/first/561/1.jpg,https://www.uniqlo.com/tw/zh_TW/product-detail.html?productCode=u0000000053893
上衣,府綢寬版襯衫(長袖),490,1290,https://www.uniqlo.com/tw/hmall/test/u0000000051656/main/first/561/1.jpg,https://www.uniqlo.com/tw/zh_TW/product-detail.html?productCode=u0000000051656
上衣,府綢寬版襯衫(長袖)(條紋),490,1290,https://www.uniqlo.com/tw/hmall/test/u0000000050462/main/first/561/1.jpg,https://www.uniqlo.com/tw/zh_TW/product-detail.html?productCode=u0000000050462
上衣,法蘭絨襯衫(長袖/格紋),390,990,https://www.uniqlo.com/tw/hmall/test/u0000000052022/main/first/561/1.jpg,https://www.uniqlo.com/tw/zh_TW/product-detail.html?productCode=u0000000052022
褲子,打褶五分褲,490,790,https://www.uniqlo.com/tw/hmall/test/u0000000053530/main/first/561/1.jpg,https://www.uniqlo.com/tw/zh_TW/product-detail.html?productCode=u0000000053530
褲子,工裝短褲,590,790,https://www.uniqlo.com/tw/hmall/test/u0000000053716/main/first/561/1.jpg,https://www.uniqlo.com/tw/zh_TW/product-detail.html?productCode=u0000000053716
褲子,牛仔五分褲,790,990,https://www.uniqlo.com/tw/hmall/test/u0000000053500/main/first/561/1.jpg,https://www.uniqlo.com/tw/zh_TW/product-detail.html?productCode=u0000000053500
褲子,休閒寬版短褲,590,790,https://www.uniqlo.com/tw/hmall/test/u0000000054183/main/first/561/1.jpg,https://www.uniqlo.com/tw/zh_TW/product-detail.html?productCode=u0000000054183
褲子,百褶褲裙,490,790,https://www.uniqlo.com/tw/hmall/test/u0000000054097/main/first/561/1.jpg,https://www.uniqlo.com/tw/zh_TW/product-detail.html?productCode=u0000000054097
褲子,開衩褲裙,490,790,https://www.uniqlo.com/tw/hmall/test/u0000000054096/main/first/561/1.jpg,https://www.uniqlo.com/tw/zh_TW/product-detail.html?productCode=u0000000054096
褲子,棉質短褲(牛仔),390,590,https://www.uniqlo.com/tw/hmall/test/u0000000050650/main/first/561/1.jpg,https://www.uniqlo.com/tw/zh_TW/product-detail.html?productCode=u0000000050650
褲子,垂墜風短褲(葉子),390,590,https://www.uniqlo.com/tw/hmall/test/u0000000051242/main/first/561/1.jpg,https://www.uniqlo.com/tw/zh_TW/product-detail.html?productCode=u0000000051242
褲子,繭型九分褲,790,1290,https://www.uniqlo.com/tw/hmall/test/u0000000053645/main/first/561/1.jpg,https://www.uniqlo.com/tw/zh_TW/product-detail.html?productCode=u0000000053645
褲子,SMART 九分褲 479298,390,990,https://www.uniqlo.com/tw/hmall/test/u0000000053929/main/first/561/1.jpg,https://www.uniqlo.com/tw/zh_TW/product-detail.html?productCode=u0000000053929
褲子,SMART 九分褲(稍長),390,990,https://www.uniqlo.com/tw/hmall/test/u0000000053928/main/first/561/1.jpg,https://www.uniqlo.com/tw/zh_TW/product-detail.html?productCode=u0000000053928
褲子,寬版牛仔褲,790,1290,https://www.uniqlo.com/tw/hmall/test/u0000000053495/main/first/561/1.jpg,https://www.uniqlo.com/tw/zh_TW/product-detail.html?productCode=u0000000053495
褲子,繭型工裝褲,790,1290,https://www.uniqlo.com/tw/hmall/test/u0000000053482/main/first/561/1.jpg,https://www.uniqlo.com/tw/zh_TW/product-detail.html?productCode=u0000000053482
褲子,打褶寬版錐形褲,990,1290,https://www.uniqlo.com/tw/hmall/test/u0000000053204/main/first/561/1.jpg,https://www.uniqlo.com/tw/zh_TW/product-detail.html?productCode=u0000000053204
褲子,喇叭牛仔褲,590,1290,https://www.uniqlo.com/tw/hmall/test/u0000000052762/main/first/561/1.jpg,https://www.uniqlo.com/tw/zh_TW/product-detail.html?productCode=u0000000052762
褲子,休閒寬褲(褲腳抽繩),390,1290,https://www.uniqlo.com/tw/hmall/test/u0000000054044/main/first/561/1.jpg,https://www.uniqlo.com/tw/zh_TW/product-detail.html?productCode=u0000000054044
褲子,經典卡其褲,990,1290,https://www.uniqlo.com/tw/hmall/test/u0000000053327/main/first/561/1.jpg,https://www.uniqlo.com/tw/zh_TW/product-detail.html?productCode=u0000000053327
褲子,高腰牛仔褲,590,1290,https://www.uniqlo.com/tw/hmall/test/u0000000053895/main/first/561/1.jpg,https://www.uniqlo.com/tw/zh_TW/product-detail.html?productCode=u0000000053895
褲子,高腰直筒長褲,790,1490,https://www.uniqlo.com/tw/hmall/test/u0000000053896/main/first/561/1.jpg,https://www.uniqlo.com/tw/zh_TW/product-detail.html?productCode=u0000000053896
褲子,特級彈性緊身牛仔褲,790,1290,https://www.uniqlo.com/tw/hmall/test/u0000000053483/main/first/561/1.jpg,https://www.uniqlo.com/tw/zh_TW/product-detail.html?productCode=u0000000053483
褲子,亞麻混紡寬褲,790,1290,https://www.uniqlo.com/tw/hmall/test/u0000000053823/main/first/561/1.jpg,https://www.uniqlo.com/tw/zh_TW/product-detail.html?productCode=u0000000053823
褲子,SMART 寬褲,590,990,https://www.uniqlo.com/tw/hmall/test/u0000000053104/main/first/561/1.jpg,https://www.uniqlo.com/tw/zh_TW/product-detail.html?productCode=u0000000053104
褲子,休閒直筒長褲,390,990,https://www.uniqlo.com/tw/hmall/test/u0000000054088/main/first/561/1.jpg,https://www.uniqlo.com/tw/zh_TW/product-detail.html?productCode=u0000000054088
褲子,SMART 寬褲(條紋),590,990,https://www.uniqlo.com/tw/hmall/test/u0000000053052/main/first/561/1.jpg,https://www.uniqlo.com/tw/zh_TW/product-detail.html?productCode=u0000000053052
褲子,休閒直筒長褲(稍長),390,990,https://www.uniqlo.com/tw/hmall/test/u0000000054087/main/first/561/1.jpg,https://www.uniqlo.com/tw/zh_TW/product-detail.html?productCode=u0000000054087
褲子,孕婦包腹特級彈性牛仔緊身褲 473651 / 472124,390,1290,https://www.uniqlo.com/tw/hmall/test/u0000000051694/main/first/561/1.jpg,https://www.uniqlo.com/tw/zh_TW/product-detail.html?productCode=u0000000051694
褲子,亞麻混紡長褲,390,790,https://www.uniqlo.com/tw/hmall/test/u0000000054086/main/first/561/1.jpg,https://www.uniqlo.com/tw/zh_TW/product-detail.html?productCode=u0000000054086
上衣,可機洗針織羅紋長褲 478847 / 473802,390,790,https://www.uniqlo.com/tw/hmall/test/u0000000052955/main/first/561/1.jpg,https://www.uniqlo.com/tw/zh_TW/product-detail.html?productCode=u0000000052955
洋裝,特級彈性V領洋裝(無袖),590,790,https://www.uniqlo.com/tw/hmall/test/u0000000053779/main/first/561/1.jpg,https://www.uniqlo.com/tw/zh_TW/product-detail.html?productCode=u0000000053779
洋裝,寬版雙色洋裝(短袖),590,790,https://www.uniqlo.com/tw/hmall/test/u0000000053772/main/first/561/1.jpg,https://www.uniqlo.com/tw/zh_TW/product-detail.html?productCode=u0000000053772
裙子,細肩帶蛋糕裙洋裝,790,990,https://www.uniqlo.com/tw/hmall/test/u0000000053962/main/first/561/1.jpg,https://www.uniqlo.com/tw/zh_TW/product-detail.html?productCode=u0000000053962
洋裝,AIRism棉質寬版洋裝(短袖),590,790,https://www.uniqlo.com/tw/hmall/test/u0000000053902/main/first/561/1.jpg,https://www.uniqlo.com/tw/zh_TW/product-detail.html?productCode=u0000000053902
洋裝,亞麻混紡V領洋裝(短袖),1290,1490,https://www.uniqlo.com/tw/hmall/test/u0000000053810/main/first/561/1.jpg,https://www.uniqlo.com/tw/zh_TW/product-detail.html?productCode=u0000000053810
上衣,3D織法棉質針織洋裝(無袖),590,990,https://www.uniqlo.com/tw/hmall/test/u0000000053918/main/first/561/1.jpg,https://www.uniqlo.com/tw/zh_TW/product-detail.html?productCode=u0000000053918
洋裝,亞麻混紡V領洋裝(短袖)(條紋),1290,1490,https://www.uniqlo.com/tw/hmall/test/u0000000053808/main/first/561/1.jpg,https://www.uniqlo.com/tw/zh_TW/product-detail.html?productCode=u0000000053808
褲子,亞麻混紡連身褲,990,1690,https://www.uniqlo.com/tw/hmall/test/u0000000053809/main/first/561/1.jpg,https://www.uniqlo.com/tw/zh_TW/product-detail.html?productCode=u0000000053809
上衣,針織短洋裝,790,1290,https://www.uniqlo.com/tw/hmall/test/u0000000052197/main/first/561/1.jpg,https://www.uniqlo.com/tw/zh_TW/product-detail.html?productCode=u0000000052197
洋裝,美型耐皺紗POLO短洋裝(短袖),390,990,https://www.uniqlo.com/tw/hmall/test/u0000000051578/main/first/561/1.jpg,https://www.uniqlo.com/tw/zh_TW/product-detail.html?productCode=u0000000051578
裙子,亞麻混紡寬襬裙,790,1490,https://www.uniqlo.com/tw/hmall/test/u0000000053818/main/first/561/1.jpg,https://www.uniqlo.com/tw/zh_TW/product-detail.html?productCode=u0000000053818
裙子,棉質中長裙,590,990,https://www.uniqlo.com/tw/hmall/test/u0000000053345/main/first/561/1.jpg,https://www.uniqlo.com/tw/zh_TW/product-detail.html?productCode=u0000000053345
裙子,亞麻混紡打褶長裙,790,990,https://www.uniqlo.com/tw/hmall/test/u0000000053711/main/first/561/1.jpg,https://www.uniqlo.com/tw/zh_TW/product-detail.html?productCode=u0000000053711
裙子,魚尾長裙,290,990,https://www.uniqlo.com/tw/hmall/test/u0000000053099/main/first/561/1.jpg,https://www.uniqlo.com/tw/zh_TW/product-detail.html?productCode=u0000000053099
裙子,3D織法羅紋長裙,790,1490,https://www.uniqlo.com/tw/hmall/test/u0000000053621/main/first/561/1.jpg,https://www.uniqlo.com/tw/zh_TW/product-detail.html?productCode=u0000000053621
裙子,緞面長裙,790,1290,https://www.uniqlo.com/tw/hmall/test/u0000000053612/main/first/561/1.jpg,https://www.uniqlo.com/tw/zh_TW/product-detail.html?productCode=u0000000053612
其他,無鋼圈美型胸罩(彈性包覆),590,790,https://www.uniqlo.com/tw/hmall/test/u0000000053206/main/first/561/1.jpg,https://www.uniqlo.com/tw/zh_TW/product-detail.html?productCode=u0000000053206
其他,無鋼圈美型胸罩(平口),590,790,https://www.uniqlo.com/tw/hmall/test/u0000000052797/main/first/561/1.jpg,https://www.uniqlo.com/tw/zh_TW/product-detail.html?productCode=u0000000052797
其他,無鋼圈美型胸罩(運動),590,790,https://www.uniqlo.com/tw/hmall/test/u0000000053343/main/first/561/1.jpg,https://www.uniqlo.com/tw/zh_TW/product-detail.html?productCode=u0000000053343
其他,無鋼圈美型胸罩,590,790,https://www.uniqlo.com/tw/hmall/test/u0000000053819/main/first/561/1.jpg,https://www.uniqlo.com/tw/zh_TW/product-detail.html?productCode=u0000000053819
其他,無鋼圈美型胸罩(運動)(條紋),590,790,https://www.uniqlo.com/tw/hmall/test/u0000000053338/main/first/561/1.jpg,https://www.uniqlo.com/tw/zh_TW/product-detail.html?productCode=u0000000053338
其他,長襪(休閒),99,120,https://www.uniqlo.com/tw/hmall/test/u0000000053758/main/first/561/1.jpg,https://www.uniqlo.com/tw/zh_TW/product-detail.html?productCode=u0000000053758
其他,中筒襪(休閒),99,120,https://www.uniqlo.com/tw/hmall/test/u0000000053522/main/first/561/1.jpg,https://www.uniqlo.com/tw/zh_TW/product-detail.html?productCode=u0000000053522
洋裝,AIRism連身內衣,290,990,https://www.uniqlo.com/tw/hmall/test/u0000000053891/main/first/561/1.jpg,https://www.uniqlo.com/tw/zh_TW/product-detail.html?productCode=u0000000053891
上衣,HEATTECH棉質極暖圓領T恤(長袖) 469751,390,690,https://www.uniqlo.com/tw/hmall/test/u0000000054047/main/first/561/1.jpg,https://www.uniqlo.com/tw/zh_TW/product-detail.html?productCode=u0000000054047
上衣,HEATTECH U領T恤(8分袖) 478934 / 460349 / 472364,390,490,https://www.uniqlo.com/tw/hmall/test/u0000000020076/main/first/561/1.jpg,https://www.uniqlo.com/tw/zh_TW/product-detail.html?productCode=u0000000020076
其他,可收納肩背包,490,790,https://www.uniqlo.com/tw/hmall/test/u0000000053900/main/first/561/1.jpg,https://www.uniqlo.com/tw/zh_TW/product-detail.html?productCode=u0000000053900
其他,方頭平底鞋,590,1290,https://www.uniqlo.com/tw/hmall/test/u0000000053623/main/first/561/1.jpg,https://www.uniqlo.com/tw/zh_TW/product-detail.html?productCode=u0000000053623
其他,太陽眼鏡,390,790,https://www.uniqlo.com/tw/hmall/test/u0000000053629/main/first/561/1.jpg,https://www.uniqlo.com/tw/zh_TW/product-detail.html?productCode=u0000000053629
其他,繩編涼鞋,790,1290,https://www.uniqlo.com/tw/hmall/test/u0000000053622/main/first/561/1.jpg,https://www.uniqlo.com/tw/zh_TW/product-detail.html?productCode=u0000000053622
上衣,泡泡瑪特 UT印花T恤(短袖),290,490,https://www.uniqlo.com/tw/hmall/test/u0000000053723/main/first/561/1.jpg,https://www.uniqlo.com/tw/zh_TW/product-detail.html?productCode=u0000000053723
上衣,Disney UT印花T恤(短袖),290,490,https://www.uniqlo.com/tw/hmall/test/u0000000053876/main/first/561/1.jpg,https://www.uniqlo.com/tw/zh_TW/product-detail.html?productCode=u0000000053876
上衣,Cheerful characters UT印花T恤(短袖),390,490,https://www.uniqlo.com/tw/hmall/test/u0000000053207/main/first/561/1.jpg,https://www.uniqlo.com/tw/zh_TW/product-detail.html?productCode=u0000000053207
上衣,Tamagotchi UT印花T恤(短袖),290,490,https://www.uniqlo.com/tw/hmall/test/u0000000052719/main/first/561/1.jpg,https://www.uniqlo.com/tw/zh_TW/product-detail.html?productCode=u0000000052719
上衣,MAGIC FOR ALL TIMELESS UT印花T恤(短袖),290,490,https://www.uniqlo.com/tw/hmall/test/u0000000051812/main/first/561/1.jpg,https://www.uniqlo.com/tw/zh_TW/product-detail.html?productCode=u0000000051812
上衣,TOY STORY UT印花T恤(短袖),290,490,https://www.uniqlo.com/tw/hmall/test/u0000000051681/main/first/561/1.jpg,https://www.uniqlo.com/tw/zh_TW/product-detail.html?productCode=u0000000051681
上衣,WAGARA(Animals) UT印花T恤(短袖),290,490,https://www.uniqlo.com/tw/hmall/test/u0000000051693/main/first/561/1.jpg,https://www.uniqlo.com/tw/zh_TW/product-detail.html?productCode=u0000000051693
上衣,WARNER BROS. MOVIES UT印花T恤(短袖),290,490,https://www.uniqlo.com/tw/hmall/test/u0000000052154/main/first/561/1.jpg,https://www.uniqlo.com/tw/zh_TW/product-detail.html?productCode=u0000000052154
